title,isrc,source
"5AM Check In (feat. Justin Helmer)",QZS632446830,distrokid_vault
"A Estratégia do Coração",QT6EG2627792,distrokid_vault
"Account Closed",QT6E62640724,distrokid_vault
"After the Claim",QT6E82611584,distrokid_vault
"Algorithms Greedy Grin",QT6EW2634458,distrokid_vault
"Another Day",QZK6G2573664,distrokid_vault
"Appointed Breath",QT3FG2671201,distrokid_vault
"Architect of the Face",QT6E72605539,distrokid_vault
"Ashes of the Puppet",QT6E72605538,distrokid_vault
"Ashes on the Knife",QT6E82661626,distrokid_vault
"Asian Flower",QT6EA2632506,distrokid_vault
"Attack With Fire",QT6EG2627796,distrokid_vault
"Autopsy Session",QT6E82677570,distrokid_vault
"Battle Bells",QZMEN2560750,distrokid_vault
"Beautiful Masks",QT6EF2658109,distrokid_vault
"Before The Blade",QT6EG2627794,distrokid_vault
"Beneath Weight",QT6E82601405,distrokid_vault
"Between The Claw",QT3FH2635943,distrokid_vault
"Between the Dinner Plates",QT6E82611592,distrokid_vault
"Beyond Cage",QT3FH2643752,distrokid_vault
"Beyond Sun Gates",QT3FG2671216,distrokid_vault
"Bill Came Due",QT6EA2632502,distrokid_vault
"Binding",QT3FC2636772,distrokid_vault
"Black out Faction (feat. Yuki Blade)",QT6EB2624037,distrokid_vault
"Black Shirt",QT6E82661623,distrokid_vault
"Blade and the Anchor (feat. Yuki Blade)",QT6EA2632503,distrokid_vault
"Blade and the Anchor (feat. Yuki Blade)",QT6EA2632504,distrokid_vault
"Blade and the Anchor (feat. Yuki Blade)",QT6EB2624039,distrokid_vault
"Blade in the Murk",QT6EA2632495,distrokid_vault
"Blade Mason (feat. Yuki Blade)",QT6EB2624048,distrokid_vault
"Bleeding in the Shadows (feat. Justin Helmer)",QZNWZ2572144,distrokid_vault
"Blessing and Curse",QT3FC2636768,distrokid_vault
"Blood On My Lip",QT6E82661635,distrokid_vault
"Blue Light Root",QT3FF2619468,distrokid_vault
"Book is Finished",QT6E92639256,distrokid_vault
"Book is Finished",QT6E92639257,distrokid_vault
"Book of Light",QT3FD2690889,distrokid_vault
"Book of Light",QT3FD2690890,distrokid_vault
"Borrowed Crown",QT6E82601416,distrokid_vault
"Bow Holds",QT6E52647388,distrokid_vault
"Bow Holds",QT6E52647389,distrokid_vault
"Breathing Vessels",QT6E82607810,distrokid_vault
"Bribe the Reaper",QT3FH2643734,distrokid_vault
"Broken Compass",QT6E82661633,distrokid_vault
"Bronze Bedrock.",QT6EF2644040,distrokid_vault
"Burn The Boats",QT6EG2627803,distrokid_vault
"Cages for the Blind",QT6E92639275,distrokid_vault
"Calculated Breath",QT6EG2627793,distrokid_vault
"Calculated Monster",QT6E62640727,distrokid_vault
"Carved Into Stone (feat. Choppa Tha Slayer)",QT6EB2624044,distrokid_vault
"Ceiling Lake",QT6E82601410,distrokid_vault
"Ceiling Lake",QT6E82601411,distrokid_vault
"Celestial Oath",QT3FG2671208,distrokid_vault
"Chalk Line Winter (feat. Choppa Tha Slayer)",QT6EA2632507,distrokid_vault
"Chalk Line Winter (feat. Choppa Tha Slayer)",QT6EB2624045,distrokid_vault
"Challenger X",QT3FA2673104,distrokid_vault
"Challenger X",QT6E82611579,distrokid_vault
"Chasm Widens",QT3FD2690877,distrokid_vault
"Children from Stars",QT3FC2636769,distrokid_vault
"Chopper on the block",QT6E82677569,distrokid_vault
"Cipher of the Nine",QZNWY2568585,distrokid_vault
"Claim The Flame",QT3FE2656292,distrokid_vault
"Clockwork Cage",QT6E82661632,distrokid_vault
"Closed Forever",QT6E52647398,distrokid_vault
"Cold Curb",QT6E62640722,distrokid_vault
"Cold Curb",QT6E62640723,distrokid_vault
"Coldest Throne",QT6E82677571,distrokid_vault
"Coldest_Kind (feat. Choppa Tha Slayer)",QT6EB2624046,distrokid_vault
"Collector Is Here",QT6E82611591,distrokid_vault
"Concrete Crown",QT6E72605533,distrokid_vault
"Concrete Crown",QT6E82607819,distrokid_vault
"Concrete Lungs",QT6EF2658110,distrokid_vault
"Convenience is the Collar",QT6EW2634454,distrokid_vault
"Cornerstone Land",QT3FH2643747,distrokid_vault
"Cosmic Clock",QT3FG2671199,distrokid_vault
"Cosmic Secrets",QT3FF2623715,distrokid_vault
"Cosmic Tour",QT3FC2636773,distrokid_vault
"Cosmos is The Urn",QT3FG2671205,distrokid_vault
"Cost of the Climb",QT6E72605537,distrokid_vault
"Counting To Ten",QT6E72605543,distrokid_vault
"Country Joy Ride",QZPLR2553186,distrokid_vault
"Cracks (feat. Justin Helmer)",QZK6M2594371,distrokid_vault
"Crew is the Cure",QT6EA2632501,distrokid_vault
"Crooked Little Smile (feat. Kenzie Jade)",QT6EA2667914,distrokid_vault
"Crown And The Ladder",QT6E82677577,distrokid_vault
"Crown Became A Star",QT3FE2656297,distrokid_vault
"Crown From The Dirt",QT6E72605535,distrokid_vault
"Crown Refractive",QT3FF2619464,distrokid_vault
"Crowns From the Dirt",QT6E82677583,distrokid_vault
"Crowns From the Dirt",QT6E82677584,distrokid_vault
"Currency of Strife",QT6EG2627804,distrokid_vault
"Cut You Deep (feat. Justin Helmer)",QZNWV2529348,distrokid_vault
"Cycle Breaks Here",QT6E52647381,distrokid_vault
"Cycle Breaks Here",QT6E52647382,distrokid_vault
"Darkness Sealed",QT3FH2635952,distrokid_vault
"Dawn Before Judgement",QT3FB2655058,distrokid_vault
"Day Won",QT3FC2660971,distrokid_vault
"Dead Shall Stand",QT3FH2643742,distrokid_vault
"Dead Zone",QT6E82677573,distrokid_vault
"Death Trip",QT3FB2655052,distrokid_vault
"Debt Kept",QT6EF2644041,distrokid_vault
"Deep Binding",QT3FF2623720,distrokid_vault
"Deepest Prison",QT3FC2660973,distrokid_vault
"Deepest Prison",QT3FC2660974,distrokid_vault
"Deepest Prison on Earth",QT3FC2660991,distrokid_vault
"Dirt of the Plan",QT6E82661619,distrokid_vault
"Dirty Dirt",QT6EF2658111,distrokid_vault
"Doom Nightmare (feat. Justin Helmer)",QZNWZ2574432,distrokid_vault
"Doom Nightmare Fantasy",QZPLR2508021,distrokid_vault
"Doom Nightmare Retold",QZNWZ2599200,distrokid_vault
"Doom Nightmare Screamers",QZPLR2504942,distrokid_vault
"Door I Closed",QT6E62640734,distrokid_vault
"Double Locked Door",QT6E62640733,distrokid_vault
"Dream Decree",QT3FH2635935,distrokid_vault
"Dream Decree",QT3FH2635936,distrokid_vault
"Drifting",QT6E82661634,distrokid_vault
"Drown the Golden Chambers",QT3FH2643739,distrokid_vault
"Drown The Golden Chambers (Remix)",QT3FH2692895,distrokid_vault
"Earth Capsule",QT3FB2655051,distrokid_vault
"Edge of the Drop",QT6E72605532,distrokid_vault
"Elect One Reigns",QT3FF2623725,distrokid_vault
"Elemental Judgement",QT3FD2690886,distrokid_vault
"Elemental Judgement",QT3FD2690887,distrokid_vault
"Endless Ledger",QT6EW2634459,distrokid_vault
"Erasures With Tracers",QT3FA2665566,distrokid_vault
"Eternal Return",QT3FG2671217,distrokid_vault
"Every Shadow A Knife",QT6E82677580,distrokid_vault
"Fading Away",QT6E92656103,distrokid_vault
"Fake Sky",QT6E62630046,distrokid_vault
"Fathers Day",QT6E92651089,distrokid_vault
"Feast of the Shadow",QT6EF2644044,distrokid_vault
"Feeding the Machine",QT6EW2634455,distrokid_vault
"Final Breath Taken (feat. Kenzie Jade)",QT6EA2667919,distrokid_vault
"Final Equattion",QT6EA2632498,distrokid_vault
"Final Exam",QT6E82611586,distrokid_vault
"Final Frame",QT6E92639265,distrokid_vault
"Final Frame Taken",QT6E92639266,distrokid_vault
"Final Seal",QT3FF2623723,distrokid_vault
"Final Separation",QT3FD2690888,distrokid_vault
"Finish Line Silence (feat. Yuki Blade)",QT6EB2624038,distrokid_vault
"Fire in the Spine",QT3FE2656304,distrokid_vault
"Fire Sun",QT3FC2660984,distrokid_vault
"Fire That Grows",QT6ED2684499,distrokid_vault
"Flood Decree",QT3FB2670584,distrokid_vault
"Flood Decree",QT3FC2636777,distrokid_vault
"Focused On Me",QT6E52656590,distrokid_vault
"Forged in Metal (feat. Yuki Blade)",QT6EB2624043,distrokid_vault
"Fortress Is Home",QT6EW2634460,distrokid_vault
"Fortress of Broken Trust",QT6E62640730,distrokid_vault
"Four Faces of The Throne",QT3FC2661001,distrokid_vault
"Four Who Stood",QT3FC2636776,distrokid_vault
"Four Winds",QT3FG2671210,distrokid_vault
"Fourteen Seals of Light",QT3FE2656288,distrokid_vault
"Fracture Witness",QT3FH2635938,distrokid_vault
"Fragrant Trees",QT3FC2660992,distrokid_vault
"Fragrant Trees",QT3FC2660993,distrokid_vault
"Garden of Souls",QT3FC2660982,distrokid_vault
"Garden of Souls Screwed (Remix)",QT3FD2656451,distrokid_vault
"Garden of Souls The Flood (Remix)",QT3FD2650958,distrokid_vault
"Ghost Human Space",QT6E92639262,distrokid_vault
"Ghost Human Space",QT6E92639263,distrokid_vault
"Ghost Mode",QT6E82601409,distrokid_vault
"Ghost Without Chains",QT6E52647392,distrokid_vault
"Ghost Without Chains",QT6E52647393,distrokid_vault
"Ghosted The Pack",QT6E82601406,distrokid_vault
"Giants Inside",QT3FC2636770,distrokid_vault
"Glass Leash",QT6E62640725,distrokid_vault
"Glitchwave Romance",QZK6J2594291,distrokid_vault
"Glow Below",QT6E92639255,distrokid_vault
"Glue and Thread (feat. Kenzie Jade)",QT6EA2667915,distrokid_vault
"God Blade",QT3FF2623722,distrokid_vault
"Good We Made",QT6E92639269,distrokid_vault
"Governor of Years",QT3FE2656296,distrokid_vault
"Gravity Built On Sand",QT6E82611588,distrokid_vault
"Gravity of the Seat",QT6E82661629,distrokid_vault
"Great Divide",QT3FD2690879,distrokid_vault
"Grind Don't Care",QT6E82601413,distrokid_vault
"Ground Never Lies",QT6EG2627802,distrokid_vault
"Guest in the Wall",QT6E82677576,distrokid_vault
"Hairline Fracture",QT6EG2627798,distrokid_vault
"Harvest Is Upon You",QT3FH2643740,distrokid_vault
"Head of Days",QT3FD2690875,distrokid_vault
"Head of Days",QT3FD2690876,distrokid_vault
"Heart Made of Wax",QT6E82607811,distrokid_vault
"Heavens Never Lack",QT3FG2671215,distrokid_vault
"Heavens Torn Open",QT3FH2635937,distrokid_vault
"Heavy Foot",QT6E82607799,distrokid_vault
"Heavy Foot",QT6E82607800,distrokid_vault
"Heavy Pour",QT6E62640731,distrokid_vault
"Heavy World",QT6E82677585,distrokid_vault
"Heavy World",QT6E82677586,distrokid_vault
"Heretic",QT3FB2655053,distrokid_vault
"High Heel",QT6EA2632500,distrokid_vault
"High Mason",QT3FH2635950,distrokid_vault
"High Mason",QT3FH2635951,distrokid_vault
"Hollow Stare",QT6E82607816,distrokid_vault
"Ice Fist",QT6E82607814,distrokid_vault
"Inferno Interface (feat. Justin Helmer)",QZK6H2510423,distrokid_vault
"Inheritance of Lght",QT3FC2661004,distrokid_vault
"Iron Rod",QT3FD2690882,distrokid_vault
"Judgement of Kings",QT3FC2660999,distrokid_vault
"Katana Slicing Dreams (feat. Yuki Blade)",QT6EB2624047,distrokid_vault
"King of the Wreckage",QT6EF2644045,distrokid_vault
"Kingdom Made on Bone",QT3FH2635945,distrokid_vault
"Knife Handle (feat. Yuki Blade)",QT6EB2624036,distrokid_vault
"Knocking Forever",QT6E62640732,distrokid_vault
"Korean Angel",QT6EA2632508,distrokid_vault
"Law Is Unbroken",QT3FG2671206,distrokid_vault
"Law Written in Fire",QT3FE2656290,distrokid_vault
"Ledger Is Closed",QT3FH2635953,distrokid_vault
"Left on Read",QT6E82677575,distrokid_vault
"Lethal Cocktail",QT6EA2632510,distrokid_vault
"Liar in the Glass",QT6E82607817,distrokid_vault
"Light I Keep",QT6E72605544,distrokid_vault
"Light I Keep",QT6E72608232,distrokid_vault
"Lightfather Breathes",QT6E92639272,distrokid_vault
"Lightfather Breathes Again",QT6E92639273,distrokid_vault
"Lipstick On The Kitchen Floor (feat. Kenzie Jade)",QT6EA2667912,distrokid_vault
"Logical Relapse",QT3FB2655054,distrokid_vault
"Lonely Light is Out (feat. Kenzie Jade)",QT6EA2667911,distrokid_vault
"Looking at the Mirror",QT3FH2643751,distrokid_vault
"Losing Grip",QT6E82661620,distrokid_vault
"Lost Key",QT6E52647394,distrokid_vault
"Master Seat",QT3FE2656291,distrokid_vault
"Masters of Light",QT3FE2656289,distrokid_vault
"Mathematical Flame",QT3FG2671214,distrokid_vault
"Max Dose Hostile Panic",QT6E52663824,distrokid_vault
"Max Dose Lethal Injection",QT6E52667281,distrokid_vault
"Measure Rod",QT3FH2635940,distrokid_vault
"Mercy Of The Blade",QT6EG2627791,distrokid_vault
"Microscopic Circle",QT6E82677581,distrokid_vault
"Midnight Slayer",QT6EA2632494,distrokid_vault
"Mirror and the Phone",QT6E72605536,distrokid_vault
"Mirror Manipulation",QT3FB2655057,distrokid_vault
"Mirror Stands Alone",QT3FE2656294,distrokid_vault
"Mirror Teeth",QT6E62640728,distrokid_vault
"Money Isn't Enough",QT6E82601415,distrokid_vault
"Moon Cycle",QT3FG2671213,distrokid_vault
"Moon Gates",QT3FD2690880,distrokid_vault
"Mortal Is Divine",QT3FE2656305,distrokid_vault
"Mortar and Stone",QT6E82661618,distrokid_vault
"Mountains of Metal",QT3FC2660997,distrokid_vault
"Mouthful of Wool",QT6E92639258,distrokid_vault
"Naming The Children",QT3FC2660995,distrokid_vault
"Nashville (feat. Kenzie Jade)",QT6EA2667918,distrokid_vault
"New Creation Stands",QT3FF2623724,distrokid_vault
"New Locks On The Box",QT3FB2655059,distrokid_vault
"No Corner to Hide (feat. Yuki Blade)",QT6EB2624040,distrokid_vault
"No Court Will Hear",QT3FH2643749,distrokid_vault
"No Court Will Hear",QT3FH2643750,distrokid_vault
"No Grave Is Permanent",QT3FH2643744,distrokid_vault
"No Grave is Permanent (Remix)",QT3FH2693021,distrokid_vault
"No Loud Talk",QT6E82677579,distrokid_vault
"No Mouth to Plea",QT3FF2623727,distrokid_vault
"No Trust In The Tide",QT6E92639259,distrokid_vault
"No Trust In The Tide",QT6E92639260,distrokid_vault
"Nobody Sees",QT6E82607808,distrokid_vault
"Not A Moral Failure",QT6EW2634456,distrokid_vault
"Not Allowed To Be Mad",QT6E82601402,distrokid_vault
"Not Today Old Friend",QT6E62640726,distrokid_vault
"Not Your Prop",QT6E82607812,distrokid_vault
"O trono de barro",QT6EG2627801,distrokid_vault
"Only Thing That Lasts",QT6E92639267,distrokid_vault
"Pain In The Passenger Seat",QT6E82607821,distrokid_vault
"Parasitic Tugs",QT6EF2658112,distrokid_vault
"Passenger Seat",QT6E82607820,distrokid_vault
"Pattern Set Free",QT3FE2656298,distrokid_vault
"Payment is Due",QT3FB2655055,distrokid_vault
"Penthouse Logic",QT6E82601407,distrokid_vault
"Permafrost Fortress",QT6E82677572,distrokid_vault
"Permanent Debt",QT6E82611581,distrokid_vault
"Permanent Grit",QT6E82611582,distrokid_vault
"Permanent Grit",QT6E82611583,distrokid_vault
"Permanent Ledge (feat. Yuki Blade)",QT6EB2624042,distrokid_vault
"Permanent Quake (feat. Yuki Blade)",QT6EB2624049,distrokid_vault
"Permanent Text",QT6EW2634461,distrokid_vault
"Permission To Fly (feat. Kenzie Jade)",QT6EA2667913,distrokid_vault
"Phantom Frequency (feat. Justin Helmer)",QZK6J2573618,distrokid_vault
"Pillars of the Elect",QT3FF2623718,distrokid_vault
"Pilot in the Riot",QT6E82661631,distrokid_vault
"Plan is the Weapon",QT6EG2627790,distrokid_vault
"Plan They Mocked",QT6E92639254,distrokid_vault
"Plastic Altar",QT6EW2634453,distrokid_vault
"Porch Lights Died",QT6EW2634463,distrokid_vault
"Portal Ends",QT3FC2660996,distrokid_vault
"Prayer for the Lost",QT3FB2655050,distrokid_vault
"Precious Stones",QT3FC2660987,distrokid_vault
"Predators Skin",QT6EF2644043,distrokid_vault
"Pressure Is The Only Truth",QT6E82611587,distrokid_vault
"Prison Stars",QT3FC2660978,distrokid_vault
"Prison Stars",QT3FC2660979,distrokid_vault
"PROTOCOL ZERO",QT6EG2627789,distrokid_vault
"Punching The Cage",QT6E82661617,distrokid_vault
"Purification of the Earth",QT3FC2660976,distrokid_vault
"Purification of the Earth",QT3FC2660977,distrokid_vault
"Quiet Gold (feat. Kenzie Jade)",QT6EA2667917,distrokid_vault
"Rage They Sell",QT6EW2634462,distrokid_vault
"Ramen and Chains",QT6E82677578,distrokid_vault
"Reaper Is The Word",QT3FH2643748,distrokid_vault
"Reckoning",QT3FD2690878,distrokid_vault
"Reckoning Calls",QT6E82601417,distrokid_vault
"Record Books",QT3FC2660990,distrokid_vault
"Record of the Fallen",QT3FC2636774,distrokid_vault
"Recorded in Stone",QT3FC2660983,distrokid_vault
"Red Petal Weight",QT3FF2619470,distrokid_vault
"Red Petal Weight",QT3FF2619471,distrokid_vault
"Rental Heart",QT6E52647387,distrokid_vault
"Retro Synthwave Crush",QZK6L2517037,distrokid_vault
"Rhinestone Parade (feat. Kenzie Jade)",QT6EA2667910,distrokid_vault
"Rich Enough for Now",QT6E82601414,distrokid_vault
"Righteous Sealing",QT3FD2690885,distrokid_vault
"Rising",QT3FD2690881,distrokid_vault
"River Inside",QT6E72605540,distrokid_vault
"Rust Returns",QT3FH2643737,distrokid_vault
"Rust Returns",QT3FH2643738,distrokid_vault
"Salty Cracker (feat. Justin Helmer)",QZK6H2552968,distrokid_vault
"Saw The Knife",QT6E82661625,distrokid_vault
"Scales Measure",QT3FD2690874,distrokid_vault
"Scars as Chapters",QT6E82611585,distrokid_vault
"Scars At The Table",QT6E82677582,distrokid_vault
"Scars Painted on Cages",QT6E82677589,distrokid_vault
"Scribed Ledger",QT3FH2643745,distrokid_vault
"Scroll Past My Life",QT6E82607806,distrokid_vault
"Scroll Past the Year",QT6E82601408,distrokid_vault
"Sea and Land",QT3FC2661002,distrokid_vault
"Seal Magic",QT3FD2690884,distrokid_vault
"Sealed Clay",QT3FH2635934,distrokid_vault
"Sealed Land",QT3FH2635949,distrokid_vault
"Second Chair",QT6E82607802,distrokid_vault
"Sentence of the Fallen",QT3FF2623721,distrokid_vault
"Sentence of the Watchers",QT3FC2660975,distrokid_vault
"Serum In The Veins (feat. Yuki Blade)",QT6EB2624041,distrokid_vault
"Seven",QT3FC2660980,distrokid_vault
"Seven Crowns One Ground",QT3FF2619467,distrokid_vault
"Seven Mountains",QT3FC2660972,distrokid_vault
"Seven Rotations",QT6EW2634457,distrokid_vault
"Seven Winds",QT3FC2660985,distrokid_vault
"Shepherd Judgment",QT3FH2635942,distrokid_vault
"Shepherd Key",QT3FH2635941,distrokid_vault
"Shiny Host",QT3FF2623717,distrokid_vault
"Sidewalk Crown",QT6E92639270,distrokid_vault
"Sidewalk Scripture",QT6EA2632497,distrokid_vault
"Sidewalks Wear Crowns",QT6E92639271,distrokid_vault
"Signature Mercy",QT6E52647390,distrokid_vault
"Signature of Mercy",QT3FH2643743,distrokid_vault
"Silence Between The Plates",QT6E82607813,distrokid_vault
"Silence You Get",QT6E62640729,distrokid_vault
"Silent Storm (feat. Justin Helmer)",QZK6H2508314,distrokid_vault
"Single Cell",QT6E92639261,distrokid_vault
"Sky Ledgers",QT3FH2643746,distrokid_vault
"Smile Last Week",QT6E82677574,distrokid_vault
"Soil Princes",QT3FH2643735,distrokid_vault
"Soil Princes",QT3FH2643736,distrokid_vault
"Soil Princess (Remix)",QT3FH2693110,distrokid_vault
"Soil Remembers",QT3FF2619469,distrokid_vault
"Solar Flare (feat. Justin Helmer)",QZK6J2570918,distrokid_vault
"Southside Engine Shrine",QT6EA2632509,distrokid_vault
"Souvenirs of Fear",QT6E82661627,distrokid_vault
"Speed Cuts",QT6EA2632499,distrokid_vault
"Splinter",QT6E82611589,distrokid_vault
"Splinter",QT6E82611590,distrokid_vault
"Standing Alone",QT3FE2656295,distrokid_vault
"Stars Kept Course",QT3FD2660584,distrokid_vault
"Stars That Failed",QT3FC2660989,distrokid_vault
"Statue of What Used to Be",QT6E82661630,distrokid_vault
"Steel and Gravity (feat. Yuki Blade)",QT6EB2624035,distrokid_vault
"Still Breathing",QT6E82661621,distrokid_vault
"Still On Top",QT6E72650970,distrokid_vault
"Stone and Spine",QT3FE2656303,distrokid_vault
"Stone Names",QT3FH2635947,distrokid_vault
"Stone Names",QT3FH2635948,distrokid_vault
"Stories In Blood",QT6E82677588,distrokid_vault
"Straight Line Was The Lie",QT6EG2627799,distrokid_vault
"Strangers in a Corridor",QT6E82661628,distrokid_vault
"Stray on the Highway",QT6E82601404,distrokid_vault
"Strong Grip",QT6E82661616,distrokid_vault
"Sun Keeps The Decree",QT3FG2671202,distrokid_vault
"Sun Rises",QT3FE2656306,distrokid_vault
"Taking Up Space (feat. Kenzie Jade)",QT6EA2667916,distrokid_vault
"Tattoo Scar Goodbye (feat. Justin Helmer)",QZRP42531712,distrokid_vault
"Tectonic Ledger",QT3FG2671211,distrokid_vault
"Teeth In The Snow",QT6EF2644042,distrokid_vault
"Terrain Never Lies",QT6EG2627800,distrokid_vault
"Terrible People",QT6EF2658113,distrokid_vault
"The Elect",QT3FC2661000,distrokid_vault
"The Return",QT3FE2656301,distrokid_vault
"They Came From The Sky",QT3FB2655049,distrokid_vault
"Third Shift",QT6E82601412,distrokid_vault
"Thoth Threshold",QT3FE2656293,distrokid_vault
"Thousand Pounds of Pressure",QT6EG2627797,distrokid_vault
"Three Coils Anchor The Soil",QT3FF2619466,distrokid_vault
"Throne of Amenti",QT3FE2656302,distrokid_vault
"Throne of Eternal Light",QT3FE2656309,distrokid_vault
"Throne of Glory",QT3FC2660998,distrokid_vault
"Throne of Worlds",QT3FF2623719,distrokid_vault
"Towers on Graves",QT3FH2643741,distrokid_vault
"Traitors Never Win",QT6E82677587,distrokid_vault
"Trauma Codex",QT6E52647396,distrokid_vault
"Treasury Of Pain",QT3FF2623716,distrokid_vault
"Tree of Judgement",QT3FC2660986,distrokid_vault
"Trumpets of War",QT3FA2673238,distrokid_vault
"Trumpets of War",QT3FA2678937,distrokid_vault
"Truth Destroys Them",QT3FA2652145,distrokid_vault
"Truth Times Light",QT3FB2655056,distrokid_vault
"Truth Trenching",QT6EA2632505,distrokid_vault
"Twighlight World",QZK6M2590693,distrokid_vault
"Twin Blade",QT6EA2632496,distrokid_vault
"Tyrant Tomb",QT3FE2656286,distrokid_vault
"Unbreakable Keep",QT6EG2627795,distrokid_vault
"Unbroken Decree",QT3FG2671203,distrokid_vault
"Unbroken Measure",QT3FG2671204,distrokid_vault
"Under Skin",QT6E52647395,distrokid_vault
"Under The Dirt",QT6E82661624,distrokid_vault
"Unlidded Eye",QT3FE2656299,distrokid_vault
"Unlidded Eye",QT3FE2656300,distrokid_vault
"Unmoving Object",QT6E82601403,distrokid_vault
"Unrelenting Eye",QT3FG2671207,distrokid_vault
"Unrelenting Law",QT3FH2635939,distrokid_vault
"Vacant Stare",QT6E82607804,distrokid_vault
"Valley of Kings",QT3FC2660988,distrokid_vault
"Valley of Power",QT3FD2690883,distrokid_vault
"Velvet Whisper",QZNWW2566541,distrokid_vault
"Vent",QT6E62623762,distrokid_vault
"Voice Hammer",QT6E52647391,distrokid_vault
"Voiceless Witness",QT3FC2636775,distrokid_vault
"Void Is Awake",QT6E82607815,distrokid_vault
"Waiting For You To Lie Down",QT6E82611580,distrokid_vault
"Walk The Center",QT3FH2635944,distrokid_vault
"Walking to the Water",QT6E72605541,distrokid_vault
"Walls Talk Back",QT6E82607818,distrokid_vault
"Warning Bells",QT6ED2618046,distrokid_vault
"Watchers Grave",QT3FF2623726,distrokid_vault
"Weight of Continents",QT3FG2671209,distrokid_vault
"Weight of Sinking Kings",QT3FE2656287,distrokid_vault
"Weight of Staying",QT6E72605542,distrokid_vault
"Western Gate Mandate",QT3FG2671212,distrokid_vault
"What the Darkness Cost",QT6E92639253,distrokid_vault
"Where The Light Remains",QT6E92639274,distrokid_vault
"Whisper Girl",QZPLR2524264,distrokid_vault
"Wisdom Revelation",QT3FC2661003,distrokid_vault
"Wobble Love",QZPLR2539878,distrokid_vault
"Wound Door",QT6E52647397,distrokid_vault
"Wound is Real",QT6EA2632493,distrokid_vault
"Wounds That Never Bleed",QT6E82611593,distrokid_vault
"Written Fire",QT3FH2635946,distrokid_vault
"Written Plea",QT3FC2636771,distrokid_vault
"You Passed",QT6E82661622,distrokid_vault
"Zero",QT6E62630234,distrokid_vault
